,a0,a1,I,b1
0,-0.001005297390326787,0.2750336144461778,0.8622778250584369,0.3033994173629699
1,-0.008943962443173619,0.24674636591771545,0.8595454040157475,0.3250714578086655
2,0.007795471105577753,0.24795060056264948,0.8964794263087608,0.3871912126197048
3,-0.004687149473832766,0.19500379544372504,0.9157771420340218,0.43691459635063407
4,-0.009354854029992983,0.21082057615476046,0.9262933476627293,0.43778834592426624
5,-0.01207420474699545,0.22344968176322022,0.9370621338928377,0.44208095049467794
6,-0.012888150520679322,0.2351300464653919,0.9447854520981138,0.4432916140419273
7,-0.009631014392966469,0.21562288706696142,0.9585267276783662,0.4606428855695348
8,-0.002257575753183908,0.22291691599739075,0.972603057951054,0.4766493596907345
9,-0.004703966171802208,0.2125708917283727,0.9760633685469303,0.4841783619572558
10,-0.00540591203914153,0.21862517619798816,0.9852326891914565,0.4910127106646681
11,-0.005388509092906451,0.21836689430562328,0.9852694181988513,0.49113884816784475
12,-0.005265883798770008,0.21729029735070512,0.9846674031518223,0.492310022617076
13,-0.004228289792048615,0.21904395821258527,0.9851101192977676,0.48957570591723537
14,-0.002010450327313413,0.2173810898411695,0.989092658836558,0.49469514939836273
15,0.0008638438632865213,0.22464505992580996,0.9917861330769001,0.4931190782420008
16,-0.00027138372701744715,0.22160008444415594,0.9927899004585742,0.49533227789423095
17,-0.0003005809051435748,0.2216133527291687,0.992830085594415,0.4954000315493227
18,-0.00031114261107518994,0.2217062240792256,0.9928662170392204,0.4953499872612459
19,-0.0005390470392427623,0.22278718861026212,0.9935479000339813,0.495049653681111
20,0.0003057978291436664,0.22157538667544466,0.9947838981650821,0.49565716385078973
21,-9.438123431390133e-05,0.22174428166154075,0.9946241190253368,0.49493035530476864
22,0.00040349489151498934,0.22266324464232243,0.9947464193766884,0.4942762079929574
23,0.000674483812510955,0.22290190043188657,0.995018334811996,0.494141330851003
24,0.0004543698531384769,0.22284173472797886,0.9951707969657552,0.4940064810261573
25,0.0004574294858690073,0.2228458391118363,0.9951722942784769,0.4940009272591561
26,0.0007338723899658333,0.22267435154900203,0.9954564009586272,0.4943822073862697
27,0.00044623572899436803,0.222281230334586,0.9952083274524014,0.49440127216689667
28,0.00016157174343165717,0.22182405999627608,0.995460190952451,0.4946855275023343
29,0.00030410666171112215,0.22200851364792903,0.9957271752377964,0.49445364684770043
30,0.0009427940424181401,0.22177906080994472,0.9963992048403568,0.49613962741162815
31,0.0011612298855963325,0.22253761072493627,0.9964966595074738,0.4956670342165215
32,0.0009240340061044996,0.22220056518389583,0.9964688280079126,0.4959544483273293
33,0.001067506507829422,0.22225121670403702,0.9966069992078777,0.49595097159317003
34,0.0010112827057691537,0.22223627450389416,0.996635989066044,0.49592410147071125
35,0.000849362528858333,0.22204859355077045,0.9965898775138567,0.4961807125014003
36,0.0010964745454589136,0.2218315095802091,0.9964930087875077,0.4964030735847491
37,0.001073983851081303,0.2218187736046621,0.99646628222352,0.4964134661389803
38,0.0009588533332864236,0.2217969927826184,0.9964100616057713,0.496277462221055
39,0.0009701172960905445,0.22181348160772138,0.9963974178760666,0.4962617127252542
40,0.000937868827107271,0.22181705644084357,0.9963935649571494,0.4962959490330306
41,0.0013132482820511888,0.22118814365086023,0.9963824468580306,0.4969589858953282
42,0.0012988497271005615,0.2211657542795173,0.9963419549893303,0.4969626667284211
43,0.0014322519575362977,0.2214888943279701,0.9966041215518774,0.49715933778038573
44,0.0014587902866933517,0.22165250036246675,0.9966372970238564,0.4970620413419227
45,0.0013677684872718044,0.22147497932900867,0.9966637988758059,0.49718745191525743
46,0.00183812995000826,0.22166185801130092,0.9963955116181763,0.4967794023854148
47,0.0010665269520579498,0.2222588528921283,0.997273353140515,0.49680061281959836
48,0.0010767353292834869,0.22224641441312318,0.9972692007173043,0.4968002769072589
49,0.001128690116625521,0.2221510491052845,0.9973227686123763,0.49688646611114085
50,0.0011495131311548639,0.222146181260562,0.9973167876313738,0.49691653435901995
51,0.001069544191633701,0.2219504133004036,0.9971981091291388,0.4971039389708919
52,0.0011817101381894751,0.22195108718558612,0.9972037580208563,0.49723537439814525
53,0.0010670381494890648,0.221768459051835,0.9972463600349043,0.49741989577592216
54,0.0013205020900809734,0.2217520932301709,0.9973201927990583,0.4973492992512692
55,0.0012737445117423122,0.22176935904920286,0.9972922842398128,0.49730906273069164
56,0.0011735263536467512,0.22173320035178254,0.9974203029768286,0.4973242688871328
57,0.0007925728929326127,0.22165990228149138,0.9975384704225814,0.49790195997767434
58,0.0007203171527794206,0.2217918359212372,0.9975080898959738,0.49778708602910976
59,0.0009563288073547272,0.22181731782251163,0.9978978018673537,0.49805668833481653
60,0.0008586750032464746,0.22144104125138903,0.9975121666380947,0.49806523722703056
61,0.0009067558888875643,0.2218162659073443,0.9977189185889063,0.49798848243298816
62,0.0008947248859187241,0.2216695063746155,0.9976499024427284,0.49805779936117295
63,0.0009478643390013387,0.22208368877634718,0.997834779379307,0.4979138194310506
64,0.0008478785054752457,0.22175884974251242,0.9979657296158284,0.4981004718538358
65,0.0007226480180442946,0.22158335174628682,0.9980462532753459,0.49839397880205516
66,0.0006627175385154046,0.2216396097988366,0.9980504976480696,0.49837021239629875
67,0.0005247666229762028,0.22175307737658226,0.9981969785953421,0.49828054190883364
68,0.00046662092172041056,0.2217749040758331,0.9981305070256512,0.49833266029759204
69,0.0002768437443982322,0.22212888848885387,0.9980621674093472,0.4977361671799454
70,8.521222922295362e-05,0.22177759336558078,0.9981851224866577,0.4980166965780161
71,-2.6792722989514865e-07,0.22173405123311346,0.9981884221891405,0.49810761745629806
72,4.2956426501117945e-05,0.22170630863746507,0.9981605345766963,0.4981298545128787
73,0.0002736030853097384,0.2216446716085817,0.9978818645287173,0.4980251218733418
74,4.8847956507330835e-05,0.221878464008499,0.9977965946092441,0.49807329112053567
75,2.0312024480973148e-05,0.2219420643788982,0.9977648176956343,0.4979912362353136
76,9.201494797693559e-05,0.2220081679137504,0.9977619877550209,0.49803885980427226
77,7.062553649157519e-05,0.2219547311119217,0.997748127013584,0.49809152794429956
78,0.00012143633641242737,0.22197709941109223,0.997837424344565,0.49811057312789986
79,4.721278314186727e-05,0.22187974135824695,0.997796282556621,0.4980613646420356
80,-5.7509184430519706e-05,0.2215960025452826,0.9977720411135078,0.49828727021193564
81,5.491528672256152e-05,0.22170220761706724,0.9978651548926375,0.4982082332804146
82,8.867597391211324e-05,0.22171738520593173,0.9978729148988024,0.4982200635450047
83,3.471504136005648e-05,0.22163079856912382,0.9977898990908974,0.4982811065883122
84,-9.340677056985183e-05,0.2215824229072453,0.9979574699891857,0.49823160926908
85,-3.624456529732217e-05,0.22163432045955908,0.9979284309042687,0.49810966981442123
86,-3.5054967503261114e-05,0.22163254329877227,0.9979295097041723,0.4981109321066827
87,5.868221399515914e-05,0.22154692542400467,0.9979351753479597,0.4983110134273031
88,0.00012256846868990593,0.221703849730596,0.9979932883851472,0.4981724176353316
89,9.961270851885454e-05,0.2216956381136426,0.9980068017147075,0.4981696184772124
90,-3.034768941415284e-05,0.22156567111880535,0.9978361346269914,0.49837448246546073
91,-3.7312019706813924e-06,0.22154883952307802,0.9978437212224125,0.49842306721286794
92,-4.884635934649615e-05,0.22149778906487008,0.9979072131588294,0.49847048829210105
93,6.321013214865626e-05,0.2215394603994575,0.9980450070634258,0.49826964248204453
94,-5.7270938081057006e-06,0.22164390950710497,0.9980876758735925,0.49810814878027865
95,-3.226632490717475e-05,0.22160705085853882,0.9980903701636462,0.4981655704079023
96,9.435911192033721e-05,0.22151615513390127,0.9979506284802889,0.4982229308327356
97,-4.000683949898809e-05,0.22157434710087884,0.9979133951703737,0.4983321264712473
98,0.00023126967799514498,0.2210878905345255,0.9979408561225234,0.49890166501193145
99,0.00018890208206834305,0.221077904077059,0.9979994634911832,0.4989150797011356
100,8.162146213964611e-05,0.22109103777086722,0.9980335649115241,0.49904425560747623
101,-0.00013121348010381907,0.22145459813625104,0.9980982868740915,0.4987540381114103
102,-0.00015744576655314727,0.2214736451267587,0.998103145445682,0.4987444512192933
103,-0.00026643904148879183,0.22153612029217334,0.9981755348306711,0.4987112162483355
104,-0.0004659865351593105,0.22162533171908771,0.9983614035440366,0.4987692494798843
105,-0.0005506300433558745,0.22172097101953336,0.9983263740860351,0.4987549716286839
106,-0.0005443570688412482,0.22171120528321106,0.9983265319296666,0.49876777598982924
107,-0.0005054508625051742,0.22173357860731036,0.9983020184308011,0.4987443298093401
108,-0.0006115502880401244,0.22174373326060248,0.998428968517039,0.49880599109781526
109,-0.0004804439584666342,0.2216196400931303,0.9984501116050897,0.49877279827146237
110,-0.00030239341392441566,0.22131407365285372,0.998348186530774,0.4990949235692325
111,-0.0001817282783385519,0.22132041143956932,0.9983647653212461,0.49901082095329335
112,-0.00019301127168416937,0.2213297925873321,0.9983669047062869,0.49900023605271504
113,-0.00025552813249301513,0.22132588284744217,0.9983934743207177,0.4990192746053728
114,-0.0003405541986436678,0.22135532398041685,0.9984284420208536,0.4990289979788258
115,-0.00039287758005811295,0.22139205183873314,0.9983422318608768,0.4990058191058702
116,-0.0003819622332670907,0.22138717741690397,0.9983380212553051,0.4990281702007229
117,-0.0004031090282445164,0.22133663881183768,0.9983369658763758,0.49908698875466634
118,-0.00025026502565696457,0.22129107363701153,0.9984600985024851,0.49915392362075783
119,-0.00024385341251562727,0.22129333035334559,0.9984671843426092,0.4991591173317566
120,-0.00033753607866945104,0.22114088524135278,0.9984639831287907,0.4992061998566379
121,-0.00037072756786859037,0.2210883199442069,0.9984465386113289,0.49925562019550757
122,-0.0002529632505631426,0.22112141971366261,0.9985479888647207,0.4992964125254339
123,-0.00021422583148514898,0.2211680474716022,0.9985986178714547,0.4992979080346772
124,-0.00017678208241907062,0.22131069399953973,0.9988363548974576,0.49928124633182386
125,-0.00020937348866461501,0.22113908051369097,0.998768523663167,0.4992272741832697
126,-0.00024613990545752437,0.2209203638530653,0.9988047119642324,0.49940329665492056
127,-0.00023145991638042954,0.2209435982378983,0.9988188633230934,0.4993711351895499
128,-0.00021010054976399747,0.22093023464468703,0.9988523251366463,0.49941034723747696
129,-0.000349698398304373,0.22075056136514046,0.9990382730101246,0.4994239661516395
130,-0.00010919546838533573,0.22099877171532875,0.9986862580376011,0.4989196533454296
131,-3.290323281707208e-06,0.22087709599534072,0.9987054914372294,0.498903723425945
132,2.8916785647789785e-05,0.22081386291953697,0.9986914797122854,0.4989721704555578
133,1.2051994314296752e-05,0.22081299154239273,0.9986881362095326,0.49898169705712003
134,-0.00023604004964892074,0.22098178834914245,0.9986831345621066,0.49876399865969845
135,-0.0002532141589132789,0.22097692690097892,0.998661010319462,0.49876555128347083
136,-0.0002911644695256304,0.22096666242702262,0.9986628991774578,0.49872879698735967
137,-0.00035131462156572714,0.22086566416110623,0.998669929504558,0.49883315034899006
138,-0.0005360871397510326,0.22085513067682477,0.9986773018346401,0.49886677579004707
139,-0.0005651967998701595,0.22086056824096156,0.998659895746469,0.498860657212892
140,-0.00047648639379793456,0.22086042324650618,0.9986511646508918,0.4989139461716881
141,-0.0004375207156218678,0.22090381689239438,0.9986924455318216,0.4988711493546632
142,-0.0004967481584216828,0.22088436996190433,0.9985698122735625,0.4988008216419871
143,-0.00048623197189672656,0.22092751969884114,0.9986166915936949,0.49880334773107726
144,-0.0004668713789675024,0.22098202636047687,0.998579580545982,0.49878481187654644
145,-0.0004509257200183694,0.22101604521886573,0.9985762197558764,0.49872701533596014
146,-0.0003502900804376376,0.22089507171200717,0.9985050852383527,0.4988232434999758
147,-0.0003484065663552276,0.22089406232096348,0.9985054458217316,0.4988227059664005
148,-0.00032367343806544987,0.2208703391789814,0.9984645191362537,0.498845614941188
149,-0.00033666457424031727,0.2208725001523661,0.9984665547180958,0.4988676380879954
150,-0.00042941741205680727,0.22107225502948044,0.9985409038401277,0.4986880634274137
151,-0.0004915928206666158,0.22111501193122726,0.9985593591744178,0.4987118959011532
152,-0.0005370576067460052,0.2211840917968657,0.9985772840353504,0.49865814566507877
153,-0.0004746368540690776,0.2211416824471272,0.9985307636527592,0.49866843580944326
154,-0.0005401411797200627,0.2211974062186496,0.9985110732778208,0.498665349866688
155,-0.0005029955933079089,0.2211551947045527,0.9984804735401948,0.49871474590716963
156,-0.000546572923181354,0.22114910614196512,0.9985200009546866,0.4987618784999427
157,-0.0004098101266034682,0.22099422552049958,0.9984448842231397,0.49879874830908155
158,-0.0004991388390114288,0.22112712880543411,0.9984063315610427,0.49872070079910635
159,-0.00043076631587936245,0.22100585436985049,0.9986691165950357,0.49891062104443323
160,-0.0005149887788702238,0.2209151498782839,0.9987998631174593,0.498708539038335
161,-0.0005261770460669647,0.22086272027760323,0.9988016202581628,0.4987781029827524
162,-0.00040063733273609645,0.2207361541314678,0.9987867903972226,0.4988941532119774
163,-0.00037839473503585385,0.22073087835887922,0.9988024630412419,0.49889774545574295
164,-0.00045656324902999275,0.22074058586820205,0.998828019529881,0.4988366189478447
165,-0.0004555672950933564,0.22074167984238968,0.998829713781049,0.49883528913899083
166,-0.0004823720655212972,0.22074598342557067,0.9988447263263847,0.49879419115592916
167,-0.0004969912243381356,0.22071587251351468,0.9988382282799971,0.49883284426985286
168,-0.0006362123589563037,0.2207880545475132,0.9987137220417353,0.49868411632814924
169,-0.0005693192441546975,0.22082684453854728,0.9986550369328421,0.4986937620871537
170,-0.0005376691695845196,0.2208551149686403,0.9986234545597134,0.4986388694521194
171,-0.00047995170069366666,0.22079450927019637,0.9986854878133047,0.4986475115263886
172,-0.00041229279860310474,0.22067773401459023,0.9987948114903613,0.49887388606118177
173,-0.00040435955649994,0.22069821749419619,0.9987945061598024,0.4988696017648951
174,-0.0003626327747496905,0.2208277725025299,0.9988464866412144,0.49874427140057037
175,-0.00035847935032713626,0.2208304371992705,0.9988580801893475,0.49874858714844167
176,-0.00034492969877304583,0.22085616567837477,0.9988439359146629,0.4987524385586743
177,-0.00040754867985215107,0.2206873825489076,0.998863564319505,0.49897817543994194
178,-0.0003341211911230226,0.22063179581548678,0.9989028714052856,0.49901934555926103
179,-0.00025243606981769447,0.22060394663192978,0.9988436678866058,0.49908343568153607
180,-0.00022289875315859841,0.22062239571706957,0.9988432223447091,0.499042356453835
181,-0.00020699003606650777,0.22060839146106653,0.9988435920102853,0.49905623766959656
182,-0.00024116249712195824,0.22061250629252388,0.9988586631232499,0.49905283240167314
183,-0.0001752541908398917,0.22060767609772317,0.9987983827185225,0.49902583402363115
184,-0.0001596208307985562,0.22059839972439396,0.998785568373518,0.49902121861599635
185,-6.638431294311219e-06,0.2204111111417746,0.9986921158632329,0.4990797579378731
186,0.00010789313525103359,0.22026427273076674,0.9986054994656205,0.4991477627573571
187,0.00023558636673800225,0.2201143744320184,0.9985769879671562,0.4991883416896118
188,0.0002440146688175947,0.2201028054230657,0.9985749910505839,0.49919766277272803
189,0.00020135434864045385,0.2201266112770094,0.9986087829678351,0.49918771662798084
190,0.0002358456822815502,0.22010752953026722,0.9986120496816961,0.49917799768609444
191,0.0001754337061184792,0.22017474558508057,0.9986601348847545,0.49910962989183133
192,0.0001970966268160966,0.22017087220101855,0.9986797765190469,0.4990937438160345
193,0.00026222537011273066,0.22010397196303524,0.9985887869021056,0.4992017986385972
194,0.0002146031931767559,0.22006427673575396,0.9985774672777437,0.4993178401317714
195,0.00025014722053858657,0.21999489211031154,0.9985898162437299,0.4993974890975244
196,0.00021204780812675273,0.21998840600835415,0.9986727827694794,0.4994018367346864
197,0.00022616865034909744,0.2199896275480836,0.9986910702163919,0.49936803935920726
198,0.00011541089162182242,0.2202745447561254,0.9988104657077009,0.49897661974460206
199,5.389078726123972e-05,0.22019789861978425,0.9988229496824292,0.49914490081044977
200,3.271115231102934e-05,0.22022947616451533,0.9988459358410796,0.49911867715821195
201,4.9117693675033265e-05,0.22021631987521087,0.9988871488400421,0.4991114767236733
202,8.20048555713313e-05,0.2201528541857848,0.998904547769977,0.4992665320874331
203,0.00011169543812606447,0.22028599811708122,0.9989061459877786,0.4991489414636556
204,0.000133770049289854,0.22030398192641842,0.9988830899658223,0.4991313508298354
205,0.00011325618997735171,0.22030177354101144,0.998888680677961,0.4991534794686749
206,4.681217674048333e-05,0.2203731292179214,0.9989751152348488,0.499108889394793
207,1.1211188514700376e-05,0.22039615532488793,0.9989952824179671,0.4991376775577888
208,1.4361189317921468e-06,0.22041774129878725,0.9989900170297343,0.49912138268168477
209,-3.58385339999044e-05,0.22046153339753685,0.9989696994569014,0.49905445372640217
210,-4.475970221719361e-05,0.22045509683972153,0.9989855629702229,0.4990590512088142
211,-4.796492245476448e-05,0.22045401466461048,0.9989856774835096,0.4990655631050675
212,-2.2653772692971583e-05,0.22040215289970802,0.9989720565057477,0.49911546646443145
213,-0.00018235260053377147,0.2204460347594419,0.9990996020055694,0.4991955138589205
214,-0.00011334265289650775,0.22036318551820908,0.9991363767911173,0.49922546971620135
215,-6.570474067456425e-05,0.22030859196553285,0.9991159138625968,0.499301492014111
216,-0.00012306161374696869,0.2202762196108718,0.9990696745825378,0.49935893453053537
217,-4.496600690121552e-05,0.22023813514285087,0.9990154293576781,0.4994488333054211
218,-9.497511517836948e-05,0.2201909150338494,0.9989873620943676,0.49953123612292677
219,-0.00010430700011107792,0.22019873010049665,0.9989877968064944,0.49951809698486443
220,-8.795978351875923e-05,0.22021081404554088,0.9989836478337872,0.49950384111349405
221,-9.904197978888784e-05,0.22021080643522262,0.9990051722454133,0.49950894111244887
222,-0.00012150857454140564,0.2202242621994866,0.9990122821631452,0.49953905128232834
223,-7.229263142937505e-05,0.22007804325272254,0.999069787696376,0.4996764641462767
224,-5.343429323769342e-05,0.220067651543396,0.9990623282290932,0.4997084381145954
225,-7.05926168158542e-05,0.22004034927694913,0.9990621524230558,0.49974337016779347
226,-0.00015629597376797406,0.22008156392116499,0.9990028287959982,0.4996871191378865
227,-0.0002137492818384869,0.22007077675287426,0.9990913503569363,0.49967562209137784
228,-0.0002748632338803069,0.22003854593807484,0.9990707944596093,0.49980103388180463
229,-0.00032706145207478035,0.22013259897827916,0.9991232880629622,0.49969765920414194
230,-0.0003432196721984463,0.22013105326268817,0.9991258347701784,0.49971870051259204
231,-0.0004385927498653879,0.2202834803969719,0.9991371700889542,0.49958069920416676
232,-0.00047317965369776476,0.22029692966405845,0.9991407064159024,0.4995748241413021
233,-0.00042040566696802703,0.2202809358870798,0.9991010832809687,0.49957881086997136
234,-0.0003220366002667815,0.2202440068684792,0.9991963974715099,0.4995504029182527
235,-0.0002822838576976893,0.2202041335956259,0.9992392296890793,0.4996383913622664
236,-0.00034318799462023226,0.2201147239680786,0.9994199008482185,0.4997019918517681
237,-0.0003298995771408434,0.2201233104763955,0.999423862312533,0.4996564266425745
238,-0.00029329104983986666,0.21999830240225535,0.999403512302956,0.4997896929813575
239,-0.00018428893382715027,0.22001120808361152,0.999417240137615,0.4996907132945696
240,-0.00023680351336691246,0.22006321239776624,0.9994347687550353,0.4996341035215597
241,-0.00019125201016798228,0.2200632463349482,0.9994955913775165,0.4996253421523859
242,-0.00023327182817847188,0.22007405559062554,0.9994778896198975,0.4995537527359508
243,-0.0001858177486463135,0.22016940696261,0.9994871421457587,0.49947922704742964
244,-0.00014130352605298002,0.22020125057486306,0.9995281010916939,0.4994668055706447
245,-0.00016458610497441603,0.22018598346195192,0.9995247681887088,0.49945959760661135
246,-0.00013247192544698318,0.22023113109187467,0.999572381390381,0.4994280632023562
247,-0.0001281468140062382,0.22023396408475024,0.9995665870107503,0.49943005164302584
248,-0.0001099919109933932,0.220263443784581,0.9995862917751278,0.49937860643870785
249,-0.00015708554767273394,0.22033761798870452,0.9995341092594777,0.49923971531368294
250,-0.00013924243972857512,0.22037179614062588,0.9995301175059347,0.4992242310595344
251,-0.00020580558582968683,0.2202779835097737,0.9995814156025721,0.4993356506260788
252,-0.00023588571460837038,0.2202850912658583,0.9996143672821909,0.4993527518815608
253,-0.00026510762398467463,0.22031710852422756,0.9996245016342418,0.49935393007510626
254,-0.00024496286421848577,0.2202847839324141,0.9996109990438583,0.4993762872987753
255,-0.0002320644455451743,0.2202754512920618,0.9995961260037035,0.4993735444537309
256,-0.000339980673860263,0.22042490022395117,0.9995679967939084,0.4993508340979952
257,-0.00037310535141421195,0.2204814867981143,0.9995941153845603,0.49929176802748576
258,-0.00037837630360365414,0.22048168703022722,0.9995934208946572,0.4992964450599456
259,-0.00034245215084250806,0.22043776924943304,0.9995808496268638,0.4993433898895656
260,-0.00028327859468118974,0.22044392909012403,0.9995189735616943,0.4993023739743194
261,-0.0002900378099426434,0.22044911358492122,0.9995190861227001,0.4993041127803591
262,-0.0003205457881294592,0.22049113133041245,0.9995464876166413,0.4992678529774438
263,-0.00024139967693263695,0.22045845476090944,0.9995768911828724,0.49922389141850787
264,-0.00022145473027331824,0.2204381010066002,0.9995230906889131,0.4992420815432622
265,-0.00020824017146339047,0.22043608855013033,0.9995121797884737,0.49920533230386366
266,-0.00024008524688414119,0.2205636025337995,0.9995032198346747,0.4991009193114938
267,-0.00020711448901771358,0.22051554940637466,0.9995149858544323,0.4991525245314599
268,-0.00023958056894353015,0.22051397038510334,0.9995129338920862,0.499144784731478
269,-0.00025934895585816547,0.22050599976278687,0.9995206603283407,0.49915281515579835
270,-0.00025709641040161965,0.22050605955264743,0.9995203546383148,0.4991518885049558
271,-0.00023377373341657666,0.22049818181071634,0.9994674912561585,0.499148444090633
272,-0.0002834485209500218,0.22053693867388494,0.9994103928735604,0.49921680922955736
273,-0.00020892555424789462,0.22029163530893087,0.9995543637892426,0.4995754826621269
274,-0.0002471123739491932,0.2202157044561098,0.999540837228826,0.4995789333274475
275,-0.0002035156317049165,0.22033069433523714,0.9994969540920506,0.49947456593926826
276,-0.00019152460381005636,0.2203364152316723,0.9995209390437683,0.49946203800581923
277,-0.0001707703781774455,0.2203219129692465,0.9995129257396362,0.4995163460063054
278,-0.00013749027373068107,0.22040799790292734,0.9994567770617236,0.49940621018356884
279,-0.00010526492652883582,0.22038418345534458,0.99943676948917,0.4993795531097621
280,-6.632209854230456e-05,0.22030043887297132,0.9994138898232815,0.49943510690165804
281,-0.00010080659634205139,0.2203427284118316,0.999376489923425,0.49941125492948657
282,-0.00011946026992826927,0.22035821397132707,0.9993829340240915,0.49937728943563875
283,-8.667891429249767e-05,0.22040128365874215,0.9993877645841964,0.4993218604369106
284,-3.7440167761057406e-05,0.22037979520696335,0.9994265194065723,0.49936033808575014
285,-0.00010918901478186246,0.22034516922954206,0.9994535589053539,0.499344329138208
286,-9.603518131130798e-05,0.2203578145917548,0.9994447995044202,0.4993254587391542
287,-0.00010252811575591126,0.22036115069031648,0.9994534941134663,0.4993274080997834
288,-7.230804818373241e-05,0.22032805761467483,0.9994152029985486,0.49931396149603785
289,-5.067028077844433e-05,0.22028148283390903,0.9993997645613377,0.4993299758998102
290,3.104267149959328e-05,0.22011522903263284,0.9992733587488922,0.49941144421508693
291,6.858504842615056e-05,0.2200601386104458,0.9992106461267349,0.49939502169275407
292,4.25763439866069e-05,0.22013010812453337,0.9992295879929746,0.4993729605499919
293,7.410305409824184e-05,0.2200445671200425,0.9991793934471042,0.49942435173056965
294,1.5536515917692284e-05,0.22015154577160162,0.9991063253758878,0.4994091708671913
295,1.3122250523562337e-05,0.22015746594425753,0.9991024750271292,0.4993999724513583
296,-1.789574144867936e-06,0.22013441760606642,0.9991009641340329,0.49940193496553187
297,1.559081180055474e-05,0.22017168261295408,0.9990891905489523,0.499366076227617
298,6.544229660678845e-05,0.2201841527145058,0.9991672503249666,0.49933556879333413
299,5.302668508237461e-05,0.2201887467451976,0.9991796908527593,0.4993129186524472
300,9.837961193455362e-06,0.22010429553098362,0.9991947459273263,0.49944469164594396
301,3.864386250151009e-05,0.22006803643128828,0.9991657585995211,0.49947053679317516
302,1.769950218866548e-05,0.22008438327838173,0.9991095609284422,0.499468650034985
303,1.5636276496611276e-05,0.22008663968168382,0.9991074594269516,0.4994606139659373
304,2.6376524937354713e-05,0.22012638263707807,0.9991000203865567,0.4994295987152562
305,0.00011401782585928279,0.22025200412843488,0.999180813905334,0.499269010957854
306,0.00012799576027143353,0.2202466496231064,0.9991873155482028,0.4992893579099029
307,0.00011035640775571264,0.2202206647279576,0.9992034611134885,0.4993100001547918
308,6.0651760250345885e-05,0.22019319314513536,0.9992141886916753,0.4993809612406728
309,4.536106137155762e-05,0.2202112579328158,0.999208922964705,0.49936488644914484
310,5.845931243235956e-05,0.22020658391949982,0.9992239326382496,0.4993755157773359
311,3.0182966730215543e-05,0.22018790820405826,0.999269794720725,0.4993692128221863
312,7.457477889624289e-07,0.22015072917053088,0.9992773755331317,0.4994548006555911
313,1.3507978143218337e-06,0.22014944707757322,0.9992773145172941,0.4994559662317756
314,5.754127915720865e-05,0.22012628757861608,0.9992239487048287,0.4994605390789886
315,3.3163517431578887e-06,0.2201543066675456,0.9991544271431203,0.4994749289310238
316,9.817534746832402e-06,0.22014701861238636,0.9991515894615276,0.4994900276619894
317,-1.8745057713924498e-05,0.22010394844036416,0.9991237107022218,0.4995433992116264
318,3.262064929835552e-05,0.22008643548984214,0.9990879061207801,0.4996093702891181
319,6.272659268636911e-05,0.22012674805040314,0.9990567685627246,0.4995425055898847
320,7.046255624302552e-05,0.22011855598781568,0.9990541948500897,0.49954294194630816
321,4.3220807805007344e-05,0.22015760733163778,0.9990673813887082,0.4995159515047066
322,1.989212899344712e-05,0.220174139107622,0.9990832931379166,0.4995146692225469
323,1.3701466209804282e-05,0.22018009359972152,0.9990839655827413,0.4995132156790128
324,4.72884179044372e-06,0.22018935857880562,0.9990925814063485,0.4995065369411323
325,9.107268529918468e-06,0.22018720686451143,0.9990928780327579,0.49950431410483387
326,3.998247423100546e-05,0.2201440839115553,0.9990886638707919,0.4995486295480727
327,3.231169204286571e-05,0.22014428465190747,0.9990921199615012,0.49955052496470875
328,3.015657743207243e-05,0.22014506193142444,0.9990929056488874,0.49955083307222903
329,5.7920382892012354e-05,0.22012416180788777,0.9991116494589238,0.4995641294654938
330,6.824240829168474e-05,0.2201199309510039,0.9991093921347713,0.49957465156036795
331,7.407369752376768e-05,0.22012453393580025,0.9991102137239292,0.4995687331321554
332,6.656413337117221e-05,0.2201259315806773,0.9991172171156829,0.4995669395945364
333,4.842871260081312e-05,0.22012681319139785,0.999085590656895,0.4995781427179804
334,5.828646071257645e-05,0.22011758264544784,0.9990880924992689,0.49960501536600627
335,7.485670954634696e-05,0.22015548794862183,0.9991009758411422,0.49957199021626
336,4.663800839466987e-05,0.2201371193583591,0.9991185388328238,0.49956710093101514
337,-1.0705650240171223e-05,0.22006957254379958,0.999127354806346,0.4996706068671721
338,-3.163079476314377e-05,0.22008453940722564,0.9991579542711111,0.49966203763423345
339,-3.996328985594918e-05,0.22008781095131474,0.9991716047069091,0.4996735631070729
340,-7.288461950977188e-06,0.22000731708062757,0.9991633844315871,0.49969909711381794
341,-1.988038811368518e-05,0.22003844873309666,0.9991588411544514,0.49967180286039153
342,-3.319416089679137e-05,0.2200468964268201,0.9991590972900873,0.499660462260905
343,-6.380587866019818e-05,0.2200380074390608,0.9991868042493587,0.49967516834628845
344,-6.453733408732783e-05,0.2200382408163021,0.99918600984417,0.499675461186913
345,-9.800103843625866e-05,0.22007325968245614,0.9991603760290768,0.49960088722083157
346,-0.00011587707303366968,0.2200469242547915,0.9991610893880444,0.49961521854407004
347,-0.00012204560516113888,0.22003985738157528,0.9991686515976879,0.4996231865235553
348,-0.00019334808773553567,0.22004951204789386,0.9991240138877266,0.49969042730382685
349,-0.00023298188166042088,0.22010855591366968,0.9991695394354185,0.4996125489291645
350,-0.00021514573810385497,0.22011802916167325,0.9991568713029035,0.499579114139473
351,-0.00021017868221875395,0.22010898694079772,0.9991614219499854,0.4995855742916231
352,-0.00021077095712505008,0.22010951468993395,0.9991608280286208,0.49958448503045405
353,-0.00026562401767973165,0.2200410473998845,0.9992032266724715,0.49960768462516875
354,-0.0002716060454778952,0.22003390884526428,0.9992009237801646,0.4996188630642902
355,-0.00030151464893863136,0.22005855021478882,0.9992092495221816,0.49958150728536227
356,-0.00030698321695069356,0.22005588760397826,0.9992094626799933,0.49958597968147567
357,-0.00028667357274389,0.2200466520556791,0.9992259429086653,0.49959751595521784
358,-0.00026945662013796675,0.22004965649662991,0.9992112305749201,0.49960597881228025
359,-0.00024215389487371224,0.2200755875511667,0.999205725685361,0.4995557896403513
360,-0.00026038796455352315,0.22009699229599877,0.9991822899928372,0.4995333344960902
361,-0.0002460944174530304,0.2200963478527762,0.9991866985570632,0.4995518780007132
362,-0.0002446924123492073,0.2200987224554583,0.9991869416154179,0.4995499454657808
363,-0.0002129674649623091,0.22011806435969541,0.9991715399039475,0.499536515276991
364,-0.00022516255372137132,0.2201128898159678,0.9991940920181268,0.4995508138379783
365,-0.00025952192019419143,0.22014678571934082,0.9992156078627731,0.49958399494219724
366,-0.00025765191215427287,0.22014159881220086,0.9992143502082339,0.49958777160466555
367,-0.00027107827867720377,0.22015821031450247,0.9992124676126033,0.4995812716891608
368,-0.00024718138418457886,0.22013083723577706,0.9992238205585516,0.49961238141096853
369,-0.00023915601636858517,0.22013196948494962,0.9992212674448886,0.49961420832669345
370,-0.00022177122283438666,0.2201397081101217,0.9992431214593983,0.49960428750788244
371,-0.00022026153377815053,0.22013948903266808,0.9992438670899353,0.49960655180955327
372,-0.00022455078090088905,0.22013139284670638,0.9992476140984281,0.49961316689392815
373,-0.0002544448733874443,0.22011367198134116,0.9992160563694907,0.4996500644291719
374,-0.00023190686831389855,0.22009439959283816,0.9992192467063671,0.499694655893055
375,-0.00023851221257025144,0.22008513555546694,0.9992148402114012,0.49970271007241934
376,-0.00022004829978835764,0.22009299639043095,0.9991978023464639,0.4997063250792504
377,-0.00021887001985248703,0.2200941232963852,0.9991967979147272,0.49970395871379686
378,-0.0001911276445128946,0.22005643769182293,0.9991803111599429,0.49971670095757836
379,-0.00015310323779652761,0.22000609230547627,0.9992040456955409,0.4997464958897797
380,-0.00012910615371686005,0.21998797605952103,0.9991636584347378,0.4997726063942555
381,-0.00016094370354239866,0.21997684023908,0.9991360012473296,0.4998329739977867
382,-0.0001512789213229667,0.21995630657295895,0.99913476747657,0.49986222833023886
383,-0.00012540339417205785,0.2199807164715377,0.9991632581980014,0.4998360917497129
384,-0.00010845498217112075,0.21998085998011493,0.9991618530132168,0.4998556436634341
385,-0.00011784150343669103,0.21996610453073318,0.9991597026549166,0.49987098062748114
386,-5.4362965083663706e-05,0.2199714890704191,0.9991086102882125,0.49987852430589524
387,-2.1627878931806e-05,0.21997952565638138,0.999153124145787,0.4998518880586446
388,-3.820108460060954e-05,0.21999237465053847,0.9991394375310001,0.49981406272787066
389,-2.9159092633663096e-05,0.2200092412456538,0.9991490777519778,0.49980536245955376
390,-2.5269101094730272e-05,0.22001455583675072,0.9991515952118021,0.49980500462402416
391,-5.7262174661146205e-05,0.21995053868324335,0.9992020256119512,0.49985347551674414
392,-7.05844653105851e-05,0.21993957925436794,0.9992014015894076,0.4998843879417462
393,-9.735607664221748e-05,0.21999403788497,0.9991785977858562,0.4998233435049401
394,-7.739850331057275e-05,0.21999710618687127,0.9991761399203575,0.4998344356396532
395,-3.1903401333698726e-05,0.22004480430653445,0.9991384338816153,0.4997752873366403
396,-2.0769297270514222e-05,0.22004168882643577,0.9991506060886516,0.4997717465684778
397,-4.885251035834175e-05,0.2200659354166713,0.9991283354381423,0.49971366169677256
398,1.868819661196914e-05,0.22017553034216356,0.9990340318547266,0.4996390041922791
399,9.875907984546905e-06,0.2201674068193839,0.9990378294286092,0.49965958296876034
400,3.4921362307485174e-06,0.22017953289638426,0.9990328970941826,0.499649055858321
401,3.363747506014504e-06,0.2201795911429344,0.9990330280328453,0.4996489295243326
402,-3.162841147060763e-05,0.22015379778160854,0.999069234243727,0.49971740586111035
403,-5.729415528634541e-05,0.22019654988532542,0.9990521390163538,0.49969744738709604
404,-7.534757550745e-05,0.2202206835858954,0.9990611285091568,0.49966386809338564
405,-9.925126390394885e-05,0.2202090060384086,0.9990087022340326,0.4996801764859606
406,-7.274479213285457e-05,0.22020125719414363,0.9990409092231486,0.499751521012597
407,-5.6310965886553784e-05,0.2202553532706227,0.999025022754693,0.4997141891311424
408,-3.633110291612342e-05,0.22029101549186228,0.9989914146019298,0.4996557473557476
409,-5.5772243660758054e-05,0.22031886390658326,0.9989784230445187,0.4996573141385391
410,-7.260897658022881e-05,0.220355466799853,0.9989494698776449,0.49960585698704907
411,-8.728618571996045e-05,0.22034141266298768,0.9989112066353678,0.4995909192631187
412,-4.2818020127501325e-05,0.2204643124567086,0.9989108581585397,0.4995847501633851
413,-2.2308537249367966e-05,0.22054486284544894,0.9988808543151053,0.4995012668935684
414,-5.389430468486356e-05,0.22053949820907584,0.998927668116295,0.49955695596836613
415,-3.564842433081427e-05,0.22049920678208568,0.9989001515101699,0.49956627476819
416,-4.710029324008385e-06,0.22042155246937267,0.9988650557921009,0.49959077974455485
417,-5.828762997833193e-05,0.22055785832671893,0.9989028776931316,0.4995232181179632
418,-5.514654216418665e-05,0.2205514839361461,0.9988983890919294,0.4995265735167417
419,-3.25343231075798e-05,0.22051775295398152,0.99886684004445,0.4995223990768513
420,-5.3227782102703575e-05,0.2205673682595252,0.9988708427337499,0.49950274493920016
421,-5.430428183007047e-05,0.22056974800183923,0.9988719417045885,0.4995007799788552
422,-7.666362916299522e-05,0.2205865704651232,0.9988725203384213,0.49950796735189895
423,-2.7097046520255016e-05,0.22050970981142617,0.9988901416007337,0.49958468224367997
424,1.7906176067611033e-05,0.22050247799795591,0.9989159707064407,0.49960783288391114
425,3.170539183526479e-05,0.2205097311193542,0.998906226255142,0.4996073845728309
426,1.5169554949487724e-05,0.22049710798446376,0.9989116154918658,0.49963223041785476
427,3.1577808883295766e-05,0.22048122934967848,0.9989422416859436,0.4996470198374599
428,2.869583544385038e-05,0.22048179476514634,0.9989411895564184,0.4996411758085497
429,2.202212766788838e-05,0.22046523796906872,0.9989460101451099,0.4996560017566486
430,-2.3601688388041408e-05,0.2204309672724695,0.9990475645136275,0.4997340696096766
431,-1.6841911255198913e-05,0.2204223539717947,0.9990509856703702,0.4997281026057508
432,-1.7351618092552865e-05,0.22042390207482165,0.9990510328766838,0.4997263133454817
433,-3.0095120465931005e-05,0.22042044355317608,0.9990489550237794,0.49973178330850493
434,-2.3330656709215543e-05,0.22041930456087183,0.9990396890582358,0.49973308014842516
435,-3.580201945063466e-05,0.22041906201213346,0.9990403680339599,0.49975055639725846
436,-1.9188377147639226e-05,0.22038774331623665,0.9990471464643481,0.49978195144961773
437,5.570882201918176e-06,0.2203832042705205,0.9990425091957622,0.49979442531001184
438,-1.1380679737546997e-05,0.22037556136994418,0.999052540019593,0.4998065330732866
439,2.6260960032072718e-05,0.22036348473122291,0.9990444867950015,0.4997955391636991
440,3.1836092672507246e-05,0.22035884633051053,0.9990454377293231,0.4997990953191367
441,3.9666912116931134e-05,0.22035618316145042,0.9990405713944889,0.4998023691452503
442,1.3069575761005038e-05,0.22035333459606007,0.9990775469216049,0.4998268773960995
443,2.1527034769331713e-05,0.22034373020842804,0.9990732635412931,0.4998239652689064
444,5.8591199602376364e-05,0.2202677551215588,0.9991057279098542,0.49988489886715526
445,7.049257133041786e-05,0.22025929322167645,0.9991256406902475,0.49990443608976187
446,9.121127922164936e-05,0.2202833734549932,0.9991226696951063,0.49991347975685607
447,0.00013273168484701086,0.22038020030266953,0.9991341559022321,0.49981277250452816
448,0.0001055757268565474,0.22037525681718617,0.9991288873229275,0.4998073676942637
449,0.000109044399987998,0.2203770900818818,0.9991276961673172,0.49980609101779405
450,0.00012128094577377022,0.22038073667663016,0.9991216815155073,0.49979764229714085
451,0.00010908177625685435,0.22038673223594546,0.9991138615527203,0.4997965845716715
452,8.64736039449254e-05,0.22040055512264667,0.9991200228959852,0.49976915217950696
453,7.230886465127801e-05,0.22039008408619637,0.9991300309424752,0.49978490693533656
454,8.129832115252899e-05,0.22038613930543713,0.9991269544299295,0.49978215182160396
455,6.948764327370086e-05,0.22039841334645274,0.9991214815157239,0.4997733019132479
456,6.597926304269852e-05,0.22040021007010485,0.9991180098486478,0.49976965960706105
457,5.6895906547004114e-05,0.22039375902739683,0.9991383727151616,0.49976904393849386
458,8.836786501650884e-05,0.22043303851854334,0.9990722450435837,0.4996458211479713
459,9.683450944450549e-05,0.2204006594501112,0.9990586338796478,0.49965733308869664
460,7.094983085271866e-05,0.22048464692164582,0.9990027691966025,0.49960480737546964
461,9.126027634340139e-05,0.22044520651721883,0.9989972692381808,0.4996837855984604
462,6.642630239242347e-05,0.22038907640564775,0.9990008636537403,0.4997475116926058
463,0.00010256968225230997,0.2203824343214599,0.9989604863134819,0.4997456130984765
464,0.0001507048186881254,0.2203670735254696,0.9989116844159642,0.4996999524724591
465,9.844892545386933e-05,0.22045965539513004,0.9989586597857815,0.4996671847626187
466,8.906776211219183e-05,0.22047621505539236,0.9989603948040087,0.4996592885205056
467,8.417706952299858e-05,0.22048339335063946,0.9989651097794443,0.4996536366037843
468,9.175878971125792e-05,0.2204789888590449,0.9989660601074749,0.49965095607289295
469,7.167735186802082e-05,0.22050566074051767,0.9989709651268563,0.4996223756154122
470,6.723290167463389e-05,0.22050588506215513,0.9989726577656274,0.4996235053350427
471,9.122574925686207e-05,0.22049567611201112,0.9989677057068579,0.4996239762431964
472,7.958620733556473e-05,0.2205026711440675,0.9989846945644337,0.4996213030646696
473,8.823014548172553e-05,0.22049752236800635,0.9989778887631787,0.4996127186886479
474,7.947501977892011e-05,0.22051589604059138,0.9989690063179231,0.4996000068829379
475,4.45573329371112e-05,0.22055199414345641,0.9989399857580596,0.49953040798734005
476,5.2452518811440835e-05,0.22056048907803108,0.9989413258226976,0.49952807385674564
477,4.718009682791929e-05,0.22055386422186424,0.9989431740961675,0.49953384193093026
478,5.695687161247335e-05,0.2205575196694649,0.9989507523279693,0.4995276968305499
479,2.6015388584685087e-05,0.2205664429169799,0.9989341209698299,0.4994930794724272
480,6.361663577653328e-06,0.22054608220851937,0.9989318315044461,0.4995030669345744
481,-7.1827747738568974e-06,0.22053484937805615,0.9989234500432762,0.49951167408900027
482,-1.2897795363132074e-05,0.2205328567577526,0.9989188068568643,0.49950962413630395
483,-5.4510901867582484e-05,0.22049126837006788,0.9989185492627443,0.4995170342620164
484,-5.767124257058927e-05,0.22048746202699532,0.9989167277310383,0.4995206016171906
485,-3.1440816956453744e-05,0.22049433397545784,0.9989204635205817,0.4995303653764182
486,-2.1096744290626157e-05,0.22050446567078572,0.9989052468394871,0.49952038859414677
487,-8.598707786686082e-06,0.22050642285756583,0.9989098765065421,0.499500438054945
488,-2.9243378901547925e-05,0.2205461172387616,0.9989038034216035,0.4994522378537697
489,-4.5715636131973776e-05,0.22054140841088224,0.9989158745449926,0.4994540072629074
490,-6.965680371444509e-05,0.22053508014471934,0.9989152552229047,0.4994778785050581
491,-8.272921355233604e-05,0.2205477872154326,0.9989076721483254,0.49946400487543374
492,-5.831516551765575e-05,0.22054743162293713,0.998908796709331,0.4994777844546123
493,-3.97370432614852e-05,0.22056157021697442,0.9989066978316521,0.49946429539478543
494,-3.179858981885177e-05,0.22056281553094903,0.9989122128927073,0.49946281337260884
495,-3.6137947140922376e-05,0.22056284030893875,0.9989259536230287,0.49946068439171587
496,-8.003079269425909e-05,0.2205342747602545,0.9989288766432564,0.49962903680662124
497,-0.00012445317706558033,0.22074237247105158,0.9989658175891298,0.49942689752218383
498,-0.00013263969332378954,0.22074818276684063,0.9989654998594766,0.4994276624522497
499,-0.00016492466758693785,0.2207869285643712,0.9989896226767532,0.49939043596744975
500,-0.00017266453624434114,0.22078877092458585,0.998989155673829,0.49939430304359494
501,-0.00016626360598944706,0.22078210539492235,0.9989880875033764,0.49940124360076854
502,-0.00017492589810257078,0.2207826757610117,0.9989842975528976,0.4994018268485304
503,-0.00020623540451124322,0.22078878287197531,0.9990168827176933,0.4993846511831178
504,-0.00019887931337926135,0.2207916493294683,0.9990234341646095,0.49937515303444224
505,-0.0002148841596117365,0.22081132107852314,0.999036058586759,0.49934135903770854
506,-0.00017336151603962734,0.220850194914092,0.9990604450835839,0.4992735778993685
507,-0.0001739319313798356,0.22085065579830893,0.9990600719923253,0.4992727210526075
508,-0.00019629295665584223,0.22083345068736657,0.9990428241047108,0.499274996390275
509,-0.00019156212424945848,0.2208380043037889,0.9990456789379918,0.49927443738032545
510,-0.00020244999572662282,0.22082317397838108,0.9990554965998559,0.4992830395653618
511,-0.000193198998297423,0.22083201514563763,0.9990581459184529,0.4992661518596899
512,-0.00020807519598952938,0.2208484642454298,0.9990621313402183,0.49924514811201604
513,-0.00023387413546079584,0.22084156111967077,0.9990749660356818,0.49926097410069453
514,-0.0002509639786508494,0.22084954212931304,0.9990724929252668,0.49926117931496644
515,-0.0002559206361140462,0.2208530847030269,0.9990724645948756,0.49925696663432306
516,-0.0002530905016674163,0.2208532975560237,0.9990744982068265,0.4992569366641781
517,-0.0002591882353234022,0.22085274782689607,0.999071650618282,0.49925287182697375
518,-0.0002521600237105224,0.22086022359435234,0.9990670659674497,0.4992482637528414
519,-0.000244918088817898,0.2208650988743909,0.9990729462156128,0.49923948081077296
520,-0.00020218923922480872,0.220837241268284,0.9990945707149284,0.4993054731091847
521,-0.00018765073028291013,0.2208537311773167,0.9990934662425248,0.4992957657483055
522,-0.00018473888996242723,0.22085612160125292,0.999092657207554,0.49929313734973024
523,-0.0002107833438946492,0.22085627266002433,0.999098478425488,0.4993005612004736
524,-0.00019253354691383973,0.22084842413480713,0.9990755525345126,0.49930165294627776
525,-0.0001796142783385645,0.22084154637289255,0.9990683566785808,0.4992911802563245
526,-0.00016694208057317758,0.2208187117962806,0.9990778710388348,0.49930819092338635
527,-0.00015429368849469835,0.22080906756936633,0.9990881744965493,0.49932713100368753
528,-0.0001723683143670444,0.22079446336609684,0.9990623699523838,0.49932606667512663
529,-0.0002069261475310726,0.22074829258006415,0.999090622436081,0.4993225631308437
530,-0.00022432054500398437,0.22070982332009004,0.9991009206059155,0.4993768208221804
531,-0.00023367161073470686,0.22071988712043597,0.999105196085302,0.4993728172182059
532,-0.00019824083109897368,0.2206849574467612,0.9991119093357458,0.49939211129995253
533,-0.00019001579264808384,0.2206796597070968,0.9991180372940942,0.49939938798614947
534,-0.00017131901390980594,0.22068425604670988,0.9991198304426011,0.4994082826171048
535,-0.00019709628330654417,0.2206586589713736,0.9991053347625409,0.49942989394192217
536,-0.00022641307096627486,0.22064907577031995,0.999115237387084,0.49942259937448713
537,-0.00023914991196428238,0.2206389610929414,0.9991149465078965,0.4994369819029956
538,-0.00025305502794985664,0.2206442555462606,0.9991192536964414,0.4994315268741349
539,-0.00024261509765999644,0.22064375094742342,0.9991225386333679,0.4994291248158127
540,-0.0002399752662435555,0.2206427764255132,0.9991236444336301,0.4994310357919715
541,-0.00025608072677820446,0.22063599359780323,0.9991185835692141,0.49943087623559884
542,-0.00025013669853646156,0.22063972957000502,0.9991180819782772,0.49942902235412845
543,-0.0002446941517261841,0.22064254597972893,0.9991185520445904,0.49942585965014624
544,-0.00024316394202908344,0.22064250391464682,0.9991203633327677,0.499426234161328
545,-0.00022959265487583908,0.22064685195049336,0.9991012692508167,0.4994368352048446
546,-0.00020207098504487918,0.22068747994530116,0.9991259172875585,0.4993615864613194
547,-0.00020535017261996103,0.2206926762156784,0.9991261370468884,0.49935314428939365
548,-0.00022722241966066672,0.2206715143228901,0.9990806468799595,0.49937145788523024
549,-0.000204175477168688,0.22067827196023299,0.9990699335240953,0.49941425987609916
550,-0.00018556317590801697,0.22073064267530085,0.9990872831814673,0.4993554685684424
551,-0.00014759322277675463,0.22072540833460913,0.9991012270067058,0.4994037906692068
552,-9.669141709964845e-05,0.2208072816598961,0.99905053812935,0.49933488562695083
553,-0.00010281443229317287,0.22080374649216014,0.9990458382506402,0.49934378001951635
554,-8.809596921229034e-05,0.2207868562950601,0.9990465064241089,0.49937263673289894
555,-9.431108401173724e-05,0.22078115666006703,0.9990428687365122,0.49937787413632195
556,-8.840671792880508e-05,0.22078223543887449,0.9990476572607939,0.49938093553497787
557,-8.417286219068252e-05,0.22078659325211455,0.9990432889024667,0.49937964080363484
558,-8.674380967964734e-05,0.22078405137513266,0.9990371522268522,0.49938391699547563
559,-7.019150828047039e-05,0.22077041218778626,0.9990359866632623,0.49943879454998974
560,-6.571730802507126e-05,0.2207850515509204,0.9990322390069784,0.49942320207621776
561,-5.9200368104975574e-05,0.22078557236344953,0.9990330112634946,0.49941756525116565
562,-7.699360185040351e-05,0.22080423551395856,0.9990245009933798,0.49939562663686166
563,-9.413655216574273e-05,0.22080206168537878,0.9990361473711863,0.4993915578167012
564,-0.00010206473856005941,0.22079842124887125,0.9990289927221712,0.49939959148245294
565,-0.00012121926856533744,0.22081220029825943,0.9990293883494177,0.49936795377712745
566,-0.00012081635957406695,0.2208126708278379,0.9990291761781634,0.49936743783084225
567,-0.00011456287036534099,0.22081270147708887,0.9990176420204495,0.49936267304307125
568,-0.00013383845038773126,0.22083236490109753,0.9990118837611907,0.4993776628482043
569,-0.000136232379011752,0.22083874686233876,0.9990160023782018,0.4993710648627313
570,-0.00012906371689247283,0.2208374841333048,0.999021593673975,0.4993611806608496
571,-0.00013766856614132612,0.22085536475193282,0.9990121505406255,0.49933556281028374
572,-0.00013417096787149034,0.2208585275123174,0.9990138952063817,0.49933594257491964
573,-0.0001581291259386112,0.2208221652868556,0.9990211473420323,0.49936041565632133
574,-0.0001577673069220467,0.2208224706893156,0.9990211444426866,0.4993600111621298
575,-0.00018303333838036646,0.22082979928357047,0.9990108764502948,0.49935094063043606
576,-0.00018290502491517092,0.2208298036989558,0.9990108742986207,0.49935098647609133
577,-0.00019085147496461865,0.22082593086364977,0.999000798628836,0.4993537850988424
578,-0.00018054795090387474,0.22082816219192442,0.9990059953657181,0.49936533243033565
579,-0.0001527323962235717,0.2208806275810607,0.9989875458474645,0.4993248366001238
580,-0.00015015663071850323,0.2208829307240294,0.9989851045165069,0.4993205604383144
581,-0.00015459695677589937,0.2208872448416602,0.9989881474623367,0.49932087635774275
582,-0.00014376299512592613,0.22087172938743976,0.9990141011531802,0.4993324913268383
583,-0.00014671668615932692,0.220873536657392,0.9990129367002603,0.4993238545573064
584,-0.00013096364036611642,0.22092034813624736,0.9990128389469995,0.4992825993711516
585,-0.0001595454088523061,0.22089665312506246,0.9989805461900172,0.4993004398613173
586,-0.00011678185465412033,0.22091157704966607,0.9989723891015878,0.49933476778551256
587,-0.00011276539522099324,0.22091854387644966,0.9989659213121129,0.4993262580165891
588,-0.00010152206575645792,0.2209147073143835,0.9989619934103727,0.4993111285756398
589,-8.902799264728387e-05,0.2208854670878503,0.9989573937275408,0.4993354433151772
590,-6.495414108616244e-05,0.2208673829226338,0.998932953028068,0.49934068592712055
591,-8.061786177136185e-05,0.22087919558202834,0.9989195112256815,0.49934277950172845
592,-7.105576059311002e-05,0.22086681025496172,0.9989182603827511,0.49936304780095236
593,-7.513385167644919e-05,0.22086282948416244,0.9989205876941069,0.4993679693865283
594,-6.227197000043727e-05,0.22086006006524417,0.9989158617037516,0.4993628990332571
595,-6.442733811225209e-05,0.22086180494472962,0.9989127668803869,0.4993615442922866
596,-6.575589299390737e-05,0.22086224400299662,0.998913141877145,0.49935928129126106
597,-8.263988576003042e-05,0.22083442160867628,0.9988739219610373,0.499387012653619
598,-7.173447126677212e-05,0.22083615165131118,0.9988828581429242,0.49941258957779266
599,-9.903047924137844e-05,0.2207432325859528,0.9988911258619515,0.4994845518404845
600,-0.00013243268795455325,0.22069188061094847,0.9989250423579391,0.4995479279274641
601,-0.00016615563433968982,0.22070441778691427,0.9988831958695776,0.499563472107775
602,-0.0001739649993225982,0.22071384530926483,0.9988835630736519,0.49954444511831975
603,-0.00018285985848480666,0.22070095909715837,0.9988775247124456,0.4995573319342571
604,-0.00018467596522369047,0.22070068454639366,0.9988775009532417,0.49955626614439375
605,-0.00020350672486729328,0.22068194513461026,0.9988679829166194,0.4995736348344617
606,-0.0001995836547830675,0.22068267547558756,0.9988686447752149,0.4995750943918374
607,-0.00021041021902159542,0.22067375737894815,0.9988831538116021,0.4995838276690356
608,-0.00019785636512718041,0.2206747784125558,0.9988998690158309,0.4995685021479917
609,-0.0001703003170147772,0.2206317755253229,0.9988623495135329,0.4996453350988654
610,-0.00014353384881096032,0.22067084065391407,0.9988748461747711,0.49957173740222177
611,-0.00013911356922957337,0.22066368535594108,0.9988749499117985,0.49958128704153865
612,-0.0001385094403037244,0.22066404796803346,0.9988740947114961,0.4995808007649013
613,-0.00014345710395470326,0.22066518366923096,0.9988687530950693,0.49958580355472304
614,-0.00013389632437240184,0.22064899256877218,0.9988777180679398,0.49961329273125593
615,-0.00012022746553409634,0.22066820946676977,0.9988733933947038,0.4996052604609409
616,-0.0001451800881966644,0.2206361181784124,0.998867934707607,0.49964383047304095
617,-0.00013031625481951608,0.22063223755576455,0.9988743683707589,0.49965235200475855
618,-9.992192108608831e-05,0.22064520170464244,0.9988547114116514,0.4996499502028539
619,-0.00010065378772572943,0.22064476970191563,0.9988557788260356,0.49965100098333187
620,-9.297180688362957e-05,0.22063606123028728,0.9988445339762267,0.49964664527382197
621,-7.554660335136722e-05,0.22059307025986694,0.9988193515160803,0.49965992435939327
622,-8.478016411519672e-05,0.22061573052834718,0.9988187123745537,0.4996505527304854
623,-2.9466175348768978e-05,0.2205019334019708,0.9989232373863618,0.4997774556467569
624,-1.6412401072744492e-05,0.22050387886772588,0.9989330628091977,0.4997992008801523
625,-2.3613882201614938e-05,0.2204867088118527,0.9989248234504869,0.4998102166362356
626,-2.7212084784833657e-05,0.2204813493128016,0.9989260557560806,0.49981116240436957
627,-2.485459689682994e-05,0.2204858447084647,0.9989243309991496,0.4998057029442697
628,-1.9848565315199417e-05,0.22048407051776656,0.9989244918932056,0.49980396904753965
629,-3.482639443752561e-06,0.22046799621176633,0.9989211907918485,0.4998201310519453
630,1.4228349642113693e-05,0.22046627088419102,0.9989497114722912,0.4998214352090493
631,1.2333593556179937e-05,0.22046630807608641,0.9989501448971089,0.4998183885296265
632,1.7983490487716856e-05,0.22047835187420697,0.9989499632288082,0.4998049821364768
633,2.2759259700412908e-05,0.2204779332052331,0.9989484033141578,0.4998053450779139
634,1.9009712625088382e-05,0.22047802710655898,0.9989467460903957,0.49980627109322395
635,1.1398723681868007e-05,0.2204808933393345,0.9989463864444166,0.49979998426006583
636,-8.132858559055792e-06,0.22046972517047964,0.9989596134213168,0.49981203730089013
637,-1.0368800387344777e-05,0.22046979043785286,0.998958619866552,0.4998133406765804
638,1.730851064449965e-05,0.22044668229102687,0.998971465805673,0.49985028766431283
639,-5.086795793393864e-06,0.2204335756965354,0.9989492036278037,0.4998512084166801
640,5.102127822888939e-07,0.22043797710978807,0.9989481988239403,0.4998523757142102
641,7.89001719722773e-06,0.22044914549204603,0.9989379080435077,0.49983873096398984
642,9.77103838088927e-06,0.2204486018979242,0.9989382717375531,0.49983670964613885
643,3.402844294975931e-05,0.22040345287219917,0.9989527808814065,0.49988826213253024
644,3.5298255286393546e-05,0.22040368074511033,0.9989530413428578,0.49988874702805824
645,1.9278875173551438e-05,0.22039128694709387,0.9989475598237602,0.499897201816038
646,1.966016868660156e-05,0.2203914391261113,0.9989476440532843,0.49989719709762626
647,1.1031141298660628e-06,0.2203811423902269,0.998933191966778,0.49990159691567787
648,-1.0852238291590911e-06,0.22038008660403022,0.998934379711687,0.4999010328865456
649,2.018655408557767e-05,0.2204032806914662,0.9989119118804806,0.49986349583124995
650,3.320828487334735e-05,0.22039298430641263,0.9989019303093886,0.49985877272416795
651,6.875380990322533e-05,0.22033595476592752,0.9989223848122466,0.4998910990643234
652,4.6046398264071664e-05,0.22035957462107628,0.9989154780342105,0.49985457673742184
653,3.55977604285443e-05,0.22035304110543877,0.9989208935768118,0.49985887007088636
654,3.4434840324987786e-05,0.2203526327473308,0.9989210487031396,0.49985989359625965
655,3.795801909987733e-05,0.22035021199316748,0.9989206843676647,0.4998618353089966
656,4.7654355201725876e-05,0.22034777002231082,0.9989114289666003,0.4998620572814035
657,5.303970719878178e-05,0.22034601652435035,0.9989048182315189,0.49985774376740266
658,5.781580783020027e-05,0.22033876802117078,0.9989103722264502,0.4998599310861673
659,5.565457413475978e-05,0.22034225324721737,0.9989135378966627,0.4998543202956411
660,6.392271917084351e-05,0.22035120519242105,0.9989209010436574,0.4998344764923913
661,7.456098771957662e-05,0.2203336361480178,0.9989373759001546,0.49986375992186616
662,8.122492192309362e-05,0.22034217775006518,0.9989376140320161,0.49986492169120333
663,8.730607512837743e-05,0.22035499540605258,0.9989427963711512,0.49985306420173464
664,7.737376108481883e-05,0.2203504303690927,0.9989406113417197,0.4998481337679457
665,5.075466772250372e-05,0.22031357944360702,0.9989746056808992,0.499882828370356
666,6.768017451370607e-05,0.22031739951111728,0.998980686055266,0.4998582325753893
667,8.574630521845609e-05,0.22028824163848268,0.9989911469244935,0.49989536158077885
668,8.487553345246467e-05,0.22028784188692688,0.9989924724047209,0.4998954424868106
669,8.670669582976123e-05,0.22028885583959107,0.9989918896237294,0.4998915429747315
670,0.00011424578677603278,0.22023072185816922,0.9989925776362583,0.49994141359220745
671,0.00012001799526863967,0.2202274621984005,0.9989956384014332,0.4999449663371402
672,0.00011486548511121958,0.2202273860620788,0.9989926527481916,0.49994206928034635
673,0.000106482940479086,0.2202209001264729,0.9989918348207882,0.49994364061380603
674,9.813604730779966e-05,0.22021355666637293,0.9989930669409745,0.49995019589788164
675,8.936027300854947e-05,0.22021157478761805,0.9990067645002653,0.49995500943717497
676,8.097767370628384e-05,0.22021523107432187,0.9990137010295793,0.4999655826902198
677,8.680356880050648e-05,0.22020162420091946,0.9990168445774625,0.49997478353937497
678,0.00010339186268698901,0.22018129400928818,0.9990151115629278,0.5000029203472502
679,0.00011299127823140538,0.22018612433219883,0.9990240133104823,0.499997967625001
680,0.0001115869635252192,0.2201860524074163,0.9990247766064372,0.4999967807330784
681,0.0001381884311034945,0.2202179833568068,0.9990372598900653,0.4999519998454362
682,0.000148713898979407,0.2202125858056282,0.9990272001555692,0.4999617124902272
683,0.0001561520631412883,0.220216398956232,0.9990264859295646,0.499950678249454
684,0.0001278397517432967,0.22025117540913555,0.998985670649557,0.4999132104666455
685,0.00013086307731375557,0.2202510588362425,0.9989805313682943,0.4999170637873717
686,0.0001462409439923148,0.22027684714653367,0.9989770121287669,0.4998646006161206
687,0.00011323523962380552,0.22034934173570392,0.9989484159611517,0.4997948154262392
688,0.00012357410002368909,0.2203457647917554,0.9989701275982154,0.49980880949864587
689,0.00014158945255637314,0.22036965548226956,0.9989707944528838,0.4998221661183401
690,0.0001446752668754653,0.22037919652482063,0.9989664842064725,0.49981228296616764
691,0.00011178415741740601,0.22037334825225124,0.9990099299915589,0.4998718107266959
692,0.00010219883047147158,0.22039482311961672,0.9990047986029961,0.4998623585938273
693,0.00011282702115711515,0.22037478290729456,0.9990058913089352,0.4998877627397686
694,0.00010500572578299812,0.22037099428083326,0.9990028760307553,0.4998906018372958
695,0.00010465320430808029,0.22037092047575177,0.9990027362246565,0.4998905212040724
696,0.0001357371380312714,0.22039011009828594,0.9989974037017625,0.499883175301325
697,0.00014404989392442167,0.22039529275106595,0.9990101804738881,0.4998782084628468
698,0.00013375555236775478,0.22039414029202034,0.9990107870499458,0.4998633166240954
699,0.0001224765874562829,0.220370507586984,0.999008905904033,0.49988742363137695
700,0.00013308457542660895,0.22037220633013957,0.9990209664718789,0.49988925701342496
701,0.00013850311865659507,0.22037482302442032,0.9990168346477029,0.49989242870344147
702,0.0001725115655552379,0.22042674284309777,0.9989949723019966,0.4998116629102671
703,0.0001721887891421631,0.22042706821542676,0.9989953504479316,0.4998115920196868
704,0.00016569289851822025,0.22043448767830134,0.998991769029089,0.4998112557630955
705,0.00015262486402839464,0.2204554225076396,0.9989955620206818,0.4997837687632054
706,0.00016405810530871454,0.2204609186941614,0.9989841840554414,0.4997733343760767
707,0.00016498040391042646,0.22046041909289968,0.9989835088212197,0.4997728179302196
708,0.00016100692413121849,0.22046642403373065,0.9989807789191855,0.4997693566491633
709,0.00015340404108833258,0.2204740643982827,0.9989797328566132,0.49975663291955674
710,0.00015676488869874097,0.2204766482079292,0.9989822386217275,0.4997547422227197
711,0.00015034432117819928,0.22047427820542895,0.9989834109123037,0.4997523094942525
712,0.00014695626593707708,0.22047067388455163,0.9989872706812224,0.49975699913386545
713,0.0001445874628848291,0.22047148878756584,0.9989882761595201,0.49975905634428086
714,0.0001586571021364628,0.22044945934284424,0.9990187416312988,0.4997790052617557
715,0.00016150684387256377,0.22044846023057918,0.9990169907751671,0.4997858432077407
716,0.00014923943653255626,0.22041464696912313,0.9990312372175522,0.4998290742366926
717,0.00013849058473188247,0.22042369958005292,0.9990362731109429,0.49983370119477116
718,0.00014694898538841346,0.2204076512844819,0.9990263803198919,0.49984446329299453
719,0.00015801255335451606,0.22039650755149354,0.9990243161071257,0.49984257273992105
720,0.0001671979161308136,0.22038126301111785,0.9990250378322052,0.49985616299814106
721,0.00015730999607419164,0.22038550404717147,0.999038240535728,0.4998528317633525
722,0.00016016919341032513,0.22038490616012588,0.9990351128988704,0.4998491296611041
723,0.00015021626146032632,0.2204048674263157,0.9990272474442091,0.49983893012411823
724,0.00012715779818652502,0.22043861459496636,0.9990124529874053,0.4997865387103021
725,0.00013692373186790426,0.22044728643407036,0.9989919183352147,0.49978173243472457
726,0.00014475041584040597,0.22045245506074557,0.9990035978359977,0.4997620231443188
727,0.00013644882600210843,0.22047295539134393,0.9990006871137771,0.4997285147286988
728,0.0001256969100670184,0.22045343672958118,0.9990238577345301,0.49974732064530014
729,0.00010637145937094981,0.22044816802895903,0.9990164789445579,0.49979445576876935
730,9.985416924051487e-05,0.22046695644968559,0.9990097861923024,0.49977237910701916
731,8.988432824589415e-05,0.22046342770494906,0.9990178153598422,0.49976718432400863
732,9.502561579165552e-05,0.22046967380821042,0.9990164237126995,0.4997565760235924
733,6.241102735436314e-05,0.22050194230874479,0.9989795918457861,0.49972839672369296
734,6.20176927473931e-05,0.22050208291991402,0.9989800485209241,0.49972786451256423
735,6.161052375822707e-05,0.22050155086336853,0.9989803769951546,0.49972891641222383
736,5.6931872258437436e-05,0.22050912745318665,0.9989772749492476,0.49972478532038406
737,5.9738986599819456e-05,0.2205057726390908,0.998974592186524,0.4997296551342961
738,6.905917686612199e-05,0.22051154688015354,0.9989827812560851,0.49971652185951837
739,9.358033389972149e-05,0.2204856124473246,0.9989699020615436,0.49976325299967517
740,8.747899795235886e-05,0.22047915638763232,0.9989635454484433,0.49977188755534846
741,8.789307640287291e-05,0.22047895919033103,0.9989629104437001,0.4997724699703028
742,7.257391551314287e-05,0.22046045041310458,0.9989724817961855,0.4998158592842896
743,6.3402330110392e-05,0.22047972008002353,0.9989626337176368,0.4998010404312795
744,5.439329712061394e-05,0.22048692687504956,0.9989588181166023,0.4997842785223586
745,5.448987224883989e-05,0.22048705569818616,0.9989586745971533,0.49978417261126384
746,4.8804291633616604e-05,0.2204843963741946,0.9989560456090512,0.4997950686063801
747,5.273543732905413e-05,0.2204767053830242,0.9989570335666874,0.4998047297193265
748,4.811590408871121e-05,0.22047447392114322,0.9989586737012484,0.499806061944948
749,3.7275272514694836e-05,0.2204713110575081,0.9989634340436148,0.4998137978930142
750,2.2859478915383343e-05,0.2204790764515552,0.9989551365765564,0.4998112391427333
751,3.344764561102424e-05,0.2204744352469405,0.9989766376041143,0.49982431398131466
752,3.6714211915702476e-05,0.22047783937590618,0.9989770471361785,0.49982746484962415
753,2.6658142856915297e-05,0.22044903430050572,0.9989780362600497,0.4998550830398955
754,4.136934577405758e-05,0.22045587546500664,0.9989958603563612,0.49984903443441475
755,3.9362098775113475e-05,0.22045552378883343,0.9989937269178208,0.49984672444794415
756,2.2786805603204346e-05,0.2204254904396912,0.9989996186038471,0.4998597687324961
757,2.0788396180936024e-05,0.22042230762747664,0.9990006683303164,0.49986383581922494
758,3.191866051818656e-05,0.22041641789228025,0.9989906568480807,0.4998621797913799
759,3.53499432366822e-05,0.22041305741924552,0.9989889926081713,0.4998622200336348
760,3.86843605840821e-05,0.22040886504588686,0.9989939103189915,0.4998655170602654
761,4.611527106084399e-05,0.22040567702919858,0.9989983118391316,0.49987979193185345
762,2.2998994021860743e-05,0.22036017698495908,0.9990093342168508,0.4999129512003894
763,4.9551548435082e-05,0.22038457296189742,0.9990217168698965,0.49987691363912773
764,3.660252190184746e-05,0.22039114425517706,0.9990270195016508,0.4998647670590076
765,3.585226137320566e-05,0.22039076765152113,0.9990273002270738,0.4998654858591343
766,4.3062543774373046e-05,0.22038674927154947,0.999030486820283,0.49986719613822256
767,1.9797375706158743e-05,0.2203978950006397,0.9990341516770828,0.4998462251031058
768,2.3413227901726022e-06,0.22038925691160466,0.9990308317628923,0.4998571523335858
769,-4.246889456235138e-06,0.2203906324268491,0.999037015906647,0.49985529005249046
770,1.3014653423620358e-05,0.22039103960433867,0.9990178863696254,0.49983574689312293
771,3.3785296471323595e-05,0.2203584422775269,0.9989992000768806,0.4998421278125929
772,3.37668226666352e-05,0.22035847411367954,0.9989991904677542,0.4998421106127317
773,2.300159327515732e-05,0.22037113264870412,0.9989964321178441,0.4998236862122104
774,9.7195048091687e-06,0.22036423446221962,0.999029878699597,0.49983120001207354
775,2.4387696250052176e-05,0.22036401165575853,0.9990374025787055,0.49979546553719817
776,2.495978931452299e-05,0.22036204852352526,0.9990371632149028,0.49979769886283404
777,3.106568981357094e-05,0.2203640233987733,0.9990396810092333,0.4997937927092424
778,1.5211251952276639e-05,0.22036950742289577,0.9990259511857262,0.4997801199086629
779,2.4944496380806583e-05,0.2203758029716281,0.9990283485437785,0.49978240570921073
780,9.352132349944024e-06,0.22035572037630888,0.999011909831339,0.4997966022282338
781,2.2412283820719255e-06,0.22035121108995304,0.9990095143777138,0.49979318921313715
782,2.8603401562330915e-06,0.22035218580004753,0.9990096200115555,0.4997924374502162
783,2.0257119454316775e-05,0.2203641273875227,0.9990326385807485,0.4997863552446725
784,8.260440055175124e-06,0.2203578407824362,0.999045898875557,0.49977772119835384
785,2.1833002358007225e-05,0.22038141626596378,0.9990352826944772,0.4997373479793473
786,3.0579747966171956e-05,0.22036623975512837,0.9990201527742993,0.49974301341667937
787,3.05746333755663e-05,0.22036624695830256,0.9990201435603985,0.4997430131372158
788,2.7578613871106345e-05,0.2203721017160177,0.9990209245368593,0.4997319347467113
789,4.426358047837506e-05,0.22040678844912803,0.9990180595361523,0.4996928462830476
790,3.380995279321294e-05,0.22040931314623802,0.9990359170083493,0.4996946538860449
791,3.831400240091814e-05,0.22040690470226604,0.999040869117992,0.4996902832092501
792,4.422272036135309e-05,0.22039517766626612,0.9990462177697329,0.4997090142070459
793,4.623463437981584e-05,0.2203979415666004,0.9990455802379905,0.49970792872772624
794,4.3276538701907894e-05,0.220394109390608,0.9990447743062641,0.49971261672330036
795,6.997416142298486e-05,0.22038520550572355,0.9990263240817581,0.4997266357428553
796,7.766981875041597e-05,0.22038723133681584,0.9990239133208192,0.49971901775162947
797,8.362261573941698e-05,0.2203811502875295,0.9990195006159374,0.49972258474124137
798,6.744034104969515e-05,0.22039159808469092,0.9990207666159961,0.4997240430525822
799,6.38647224152051e-05,0.22039572346454925,0.9990241168612329,0.4997206492466869
800,6.561230230258532e-05,0.22039511403870185,0.9990249762906035,0.4997198024587593
801,7.998352631462068e-05,0.220378498740683,0.9990255843036283,0.49974354362967
802,5.516114445123977e-05,0.220363556763129,0.9990048163659702,0.49975461297000423
803,5.933192100338289e-05,0.22036444083466697,0.999002710236597,0.49975703511854347
804,4.713821203001099e-05,0.22035080311505384,0.9989828170839641,0.49977385545998987
805,5.9140131453561774e-05,0.22034874846598462,0.9990094692665152,0.49979821099994337
806,5.4769389973980615e-05,0.2203380156368341,0.9990042096493849,0.4997990314742544
807,6.43773507936481e-05,0.22037112165387732,0.9990030782092242,0.49977789590959376
808,6.107922638535678e-05,0.2203639386862894,0.9990045843759,0.4997856777750534
809,5.9645244758024235e-05,0.2203640186712879,0.9990048856155366,0.499786327436732
810,7.102715761910167e-05,0.22035511993632137,0.9989892837771942,0.4997908049181537
811,6.486954797374894e-05,0.2203590793720359,0.9989969467372672,0.4997964126587643
812,6.791762911796674e-05,0.2203520621121154,0.9989933470868712,0.499799064920475
813,7.143692674636636e-05,0.22034484820614164,0.9989946336622193,0.499802462652552
814,6.86914304441104e-05,0.2203495328851936,0.9989977376913074,0.4997971525786032
815,6.697561265105856e-05,0.2203495556648629,0.9990058205966074,0.49980025847142856
816,7.207681199850075e-05,0.22033714046146186,0.9990093320979161,0.499789265313988
817,6.709404258334433e-05,0.22036858253591202,0.9990092794557753,0.49975448756787066
818,6.257489874086001e-05,0.22036745482629524,0.9990058678258035,0.4997551644944571
819,5.355686194740591e-05,0.22036672703727508,0.9990271117706455,0.4997510112321904
820,5.666802648096145e-05,0.22036899738536667,0.9990280504267631,0.49974160198198386
821,4.30934170990826e-05,0.22041191604272858,0.9990288034843777,0.4996945367737249
822,3.966486625415055e-05,0.22041165528767823,0.9990285699632567,0.4996949524937771
823,4.054251022184976e-05,0.22041159191857224,0.9990282893310646,0.4996950424222304
824,3.5453242825155085e-05,0.2204114592794825,0.999029657183055,0.49969697978648214
825,2.2713618021682906e-05,0.220418347405589,0.9990413473065874,0.499695081402981
826,1.1582011353437572e-05,0.22042423670023553,0.9990274507931507,0.49969716551818993
827,1.8558265977756774e-05,0.2204165325152414,0.9990210423823596,0.49971300559177534
828,1.7846870209426726e-05,0.22041550111486757,0.9990216928210519,0.4997147669502079
829,2.8495331852839205e-05,0.22040070650390367,0.9990136580322595,0.49971802645951363
830,3.564784145442011e-05,0.2203890689153933,0.9990072359026214,0.49972344726844053
831,2.0171319324168474e-05,0.2204080950589387,0.9989990175273823,0.4997165364767206
832,1.6635792618313867e-05,0.22041258668171515,0.9990028584749312,0.4997106201681765
833,8.146220018230051e-06,0.22040925201894257,0.999006777129576,0.49972349442206265
834,-4.521428047926378e-06,0.2204257574028431,0.9989764907082646,0.49970868721014505
835,1.5301261291275368e-05,0.22041898535269325,0.9989667761836074,0.4997607941498797
836,1.7797484123984525e-05,0.22042668990355418,0.9989644201988088,0.49975158090436145
837,1.3512449254001295e-05,0.22042916021339662,0.9989639398489711,0.49975353303076026
838,1.524220410325201e-05,0.220426675494098,0.9989642620839083,0.49975624733093005
839,1.412965626623901e-06,0.22042598033873567,0.9989630145819104,0.49975426976703896
840,-8.679564630339729e-07,0.22042540596414273,0.9989625222717494,0.4997545814397054
841,-2.392082317648222e-05,0.22041984957585622,0.9989212583380255,0.4997503541967978
842,-3.2563322469408475e-05,0.22041486228493679,0.9989177578890996,0.499739627602764
843,-4.199028170567859e-05,0.22039132473628983,0.9989140568208525,0.4997589233740373
844,-3.313103676653427e-05,0.22039924002438513,0.9989095974662016,0.4997542267225508
845,-2.882805407052489e-05,0.2204018882507358,0.998911565359605,0.49974964827086227
846,-2.8824451949478327e-05,0.22040188647517253,0.9989115690153599,0.49974965211419303
847,-3.384904202199494e-05,0.22039832908706647,0.998915505386995,0.4997485294242276
848,-2.816546887218771e-05,0.22040595863607876,0.9989156590778006,0.4997364132246272
849,-2.3140116545733674e-05,0.22040178596079005,0.9989251405282449,0.49974187655631924
850,-3.7911713888145535e-05,0.2203970548548782,0.9989044472865628,0.4997181150031643
851,-1.792750588721128e-05,0.22044934788296183,0.9989033338073393,0.49969359895199206
852,-3.2967574667050055e-05,0.22041433636660682,0.9989170416901895,0.49973121884546234
853,-2.9450997383684524e-05,0.2204141679094556,0.9989160861729689,0.49972778205331536
854,-4.177160330603376e-05,0.22043071788453955,0.9989085973393779,0.49971365566966325
855,-3.121648469515953e-05,0.2204260553180652,0.9989027757497384,0.49972401402763017
856,-2.120124101819013e-05,0.22043308142786633,0.9989040956398809,0.49971178709767405
857,-2.674101627599092e-05,0.22043577443974519,0.99889215775767,0.4997069798742221
858,-1.9547642179295568e-05,0.22043911674846645,0.9988940133745845,0.49971903391982764
859,5.315342597546726e-06,0.2205132180252099,0.998876830678121,0.49964954741600814
860,1.2833522481408264e-05,0.22051813868800124,0.9988844092629586,0.49964000238395706
861,1.3509300753294697e-05,0.22051760791331662,0.9988843073224537,0.49964121519558136
862,1.8519197570950384e-06,0.22050290775316003,0.9988889310217951,0.49965810193340865
863,2.7439928625532982e-05,0.2204989512009482,0.9988905583713793,0.4996515123518165
864,3.0126646640224442e-05,0.22049761945315868,0.9988918491244242,0.49965317918470015
865,3.159290853735692e-05,0.22049783440791026,0.9988925220227022,0.4996537388305063
866,2.0904687065169567e-05,0.22049022706380253,0.9989010170200876,0.49965732627594683
867,1.7301241687671262e-05,0.22048822203096932,0.9989024405831852,0.4996624668449822
868,9.892332244643782e-06,0.22049767938702067,0.9989123311267659,0.49965737355028095
869,5.64841683287459e-06,0.22050195250117993,0.9989170332560146,0.499659380291259
870,2.8039657331379337e-06,0.2205080853355242,0.9989185119271846,0.4996565913626435
871,2.581067559970714e-06,0.22050848639960124,0.9989186297679528,0.4996563154053236
872,-1.2516137316321229e-05,0.22052153781977696,0.9989108565688295,0.4996497581129401
873,-3.3414010162768924e-05,0.22053672906547736,0.9989227099231575,0.4996251391910778
874,-1.614485174497055e-05,0.22054555417353214,0.9989338395749904,0.49960829187273814
875,-2.1190255167206804e-06,0.22053714192283855,0.998925324099752,0.4996250553039032
876,1.3485672908010826e-05,0.22054922899814214,0.998936422031264,0.4996053489263807
877,1.5137055814525762e-05,0.22054860190876663,0.9989412710907638,0.4996076336910916
878,1.558701577187067e-05,0.22054918693986533,0.9989410333493953,0.4996083422209759
879,2.879993435886352e-05,0.22060347054987992,0.9989364622547027,0.4995463962271761
880,2.8679172639250112e-05,0.22060350714347554,0.9989362692235855,0.49954638452495626
881,3.088864563754799e-05,0.2206028478647768,0.9989366190793154,0.49955058576962075
882,2.1373690656278598e-05,0.2205828664994617,0.9989246792466577,0.499567633244205
883,2.0106092133631376e-05,0.22058198941380808,0.9989224491250545,0.49956667824026374
884,1.5430542269509972e-05,0.22057251650283874,0.9989125077280478,0.4995671812053187
885,1.9161760570246257e-05,0.22058326787947988,0.9989135426107916,0.4995646622269615
886,-2.9144248254555955e-07,0.22051569440591204,0.9989241706082894,0.49962775187472147
887,-1.2275811936791718e-05,0.22050693827148019,0.9989094268392124,0.49964185074137923
888,8.489013646040877e-07,0.2204991201333293,0.9988992761511628,0.49966515099023734
889,1.6655531899096567e-05,0.22052326640579165,0.9988793427502004,0.4996264978985989
890,1.6986274815118293e-05,0.22052289742684505,0.9988792067477119,0.49962641485565257
891,1.5648405273179446e-05,0.22052546228948594,0.9988787326369877,0.49962433485519536
892,-4.3902511638030975e-06,0.22053985292998735,0.9988923773328642,0.49960429384462307
893,-1.5307065113506317e-05,0.2205370806664771,0.9988955882921301,0.4996148028297623
894,-2.755638828641893e-05,0.22054982962623218,0.9989096737079535,0.499607416944358
895,-1.780554192124039e-05,0.22054331996165544,0.9989178443000856,0.4996040411872464
896,-1.7309666665013805e-05,0.2205425898899776,0.9989175013741864,0.49960515415382084
897,2.4766520893922268e-06,0.22056001538717016,0.998936239172903,0.4995770513750397
898,2.957188763215369e-06,0.22055966940628352,0.9989353507789136,0.4995777827218492
899,2.552853105490794e-06,0.22055926522662186,0.9989352081433923,0.49957889704192243
900,-6.47639380925257e-06,0.22057977620384053,0.9989284833062084,0.49955443774206043
901,-6.708713689551937e-06,0.2205796962330841,0.9989283535149414,0.49955433860180476
902,-1.006501530651671e-05,0.2205760790824691,0.9989299758309578,0.4995562338757737
903,7.232266549764743e-06,0.22059011842481377,0.9989249730866356,0.4995329970450733
904,3.6039636724614645e-06,0.22059210803252405,0.9989206470142603,0.4995315483127004
905,2.3885114120996013e-06,0.22059249015852841,0.9989219310301886,0.49952983802043405
906,2.298294385494015e-06,0.22059236045667033,0.9989217966902394,0.4995300422866848
907,8.581601910708909e-06,0.22058624169577873,0.9989249932790563,0.4995460553743445
908,1.2252537451706262e-05,0.22059353066429563,0.9989292579108512,0.49954105574317903
909,2.4751686320538366e-05,0.22060725375281007,0.9989381032025633,0.49954314631453955
910,3.321530069318443e-06,0.22056703943606337,0.9989545769635976,0.4995695627216821
911,-2.433379841376683e-05,0.22053773500159007,0.9989604370906542,0.49962167960045456
912,-2.607850990696551e-05,0.2205395609029122,0.9989593295265004,0.49962010954232255
913,-3.864117876742068e-05,0.22054271393832894,0.9989445610301521,0.4996075782400837
914,-4.685669538639287e-05,0.22053497673970018,0.9989516174397931,0.49960636518888646
915,-5.105772720868492e-05,0.22052837836295908,0.9989579249999496,0.49961747322775835
916,-4.168430556041869e-05,0.22051598237430847,0.99896108803669,0.4996157333180535
917,-5.7718560560301226e-05,0.22055162959870173,0.9989766006543312,0.49957636819425477
918,-4.7081903492253294e-05,0.22055303352239994,0.9989980872524479,0.49956806871663245
919,-4.553292263739263e-05,0.22055172066099107,0.9989981932238671,0.49957253498458426
920,-6.834780923936245e-05,0.22049139468962622,0.9990398150475835,0.4996360219635303
921,-6.032515640125456e-05,0.22049161134150244,0.9990380328873696,0.4996200096835665
922,-5.988883696861751e-05,0.22049043491989542,0.9990379825098225,0.4996210802031283
923,-5.5269505990887e-05,0.22048822700045886,0.9990452635069521,0.4996237118576262
924,-5.4116975822596794e-05,0.22048833391618386,0.999045484344616,0.49962542787999153
925,-5.296063051049869e-05,0.22049081495178208,0.9990446093488073,0.49962307366293895
926,-5.730885581647459e-05,0.22048918098421627,0.9990450200379283,0.4996282384164778
927,-5.1147081161213624e-05,0.22048217305561874,0.9990407252591504,0.4996341097082393
928,-3.308446376087662e-05,0.22047636111156305,0.9990482746787196,0.4996287025970955
929,-1.2596451913728091e-05,0.22046090901670604,0.9990736679073622,0.4996555059987473
930,-1.3631952226676055e-05,0.22046016289455173,0.9990730992972866,0.4996549282779605
931,-2.2323472129085017e-05,0.22044436933023887,0.9990731837957461,0.49966593042429275
932,-1.1009083134563016e-05,0.22045511879233273,0.9990759184873759,0.4996552559414398
933,-1.238307333465449e-05,0.22045483793020648,0.9990736092906563,0.4996549482867316
934,-2.4451962615133695e-05,0.22044731742001009,0.9990660550574921,0.49964153216853535
935,-1.941247492382396e-05,0.22045942658480194,0.9990671917293278,0.49963270300204776
936,-2.246223479133994e-05,0.22045584022901749,0.9990672758603362,0.49963562458309535
937,-2.777660231823803e-06,0.22046453026850715,0.9990789779612188,0.49962759811586027
938,-2.2028554388348125e-05,0.22046209806407316,0.9990797219503195,0.49961857736744725
939,-3.0449005117888656e-05,0.22045585205133034,0.9990907484903959,0.4996264338891403
940,-3.172759777678262e-05,0.22045617125219127,0.9990919095457809,0.49962798203378883
941,-3.740251486298857e-05,0.22046709978417953,0.9990860609516674,0.49962147018832914
942,-4.9549632232115344e-05,0.22048328224589847,0.9991016426310535,0.49959439383412263
943,-6.610774868529877e-05,0.22046613435863277,0.9990995944310103,0.49963186143946764
944,-5.131170430493809e-05,0.22044245015009076,0.9991044079558195,0.4996577676912862
945,-7.505913937761069e-05,0.2204414757171689,0.9991184961630672,0.49965240616535045
946,-6.891449692689114e-05,0.22044356244015403,0.9991212743989066,0.49964700890199687
947,-7.554084316181425e-05,0.22044802367421368,0.9991194590237106,0.49963935003807025
948,-7.672487111775777e-05,0.2204473102225655,0.9991183507305561,0.4996396138060617
949,-9.32159819878312e-05,0.22043685004552518,0.9990937429305419,0.499632151229302
950,-8.728648525264313e-05,0.2204460416785976,0.999102916427914,0.4996326442245957
951,-8.398409302771081e-05,0.22045401455403849,0.9990995525094258,0.49962955639064566
952,-8.983463996866897e-05,0.22044038952888037,0.9990998265071989,0.49964940314144907
953,-8.21321398059972e-05,0.22042981259417585,0.9990863439653743,0.499657909795459
954,-8.352938283249779e-05,0.22043052355295392,0.9990869875617834,0.499659690619465
955,-8.756444419228272e-05,0.2204404093093115,0.9990857320171616,0.49965152255271655
956,-8.060253374994071e-05,0.2204349932126594,0.9990902152534036,0.4996596068211321
957,-8.714947525040582e-05,0.2204320723202684,0.9990902151588581,0.49965831419272055
958,-0.00010091538049263088,0.22041977412315794,0.9990983866036386,0.4996715497268743
959,-9.847165920630349e-05,0.22041984890920663,0.9991012772088192,0.499670343077075
960,-0.00010152805600396603,0.22042159510148468,0.9990986233238447,0.49966472945661966
961,-9.05379555887921e-05,0.2204387940729717,0.9990639360680815,0.4996536455290883
962,-9.999385892628356e-05,0.22042984452524064,0.9990678054016484,0.49969384807616535
963,-0.00010710961138880648,0.22046194199738126,0.9990669236910105,0.4996648043379823
964,-9.963077063157248e-05,0.2204546174602873,0.9990688923368652,0.4996735092357602
965,-9.344854797868052e-05,0.22045557856682643,0.999068043966593,0.4996741334331739
966,-9.876517928426715e-05,0.2204532551550869,0.9990611253900585,0.4996763759810239
967,-9.70365346160565e-05,0.22045342866141276,0.9990625875371666,0.49967859036191226
968,-9.419630181510251e-05,0.22045879681570782,0.9990641765287509,0.49967578453289085
969,-9.970253348958759e-05,0.220450955736916,0.9990709653464915,0.4996812425007861
970,-9.887132820778912e-05,0.2204514900866749,0.9990690082217244,0.4996793859639562
971,-7.616666544305949e-05,0.22040252609536437,0.9990618024184779,0.4996725126343213
972,-8.496094000714339e-05,0.22043080321244066,0.9990459136391009,0.499644987506123
973,-9.197095283445813e-05,0.2204334943571093,0.999038997019252,0.4996293927149723
974,-0.00010236143875203217,0.22040863645116532,0.9990487104743097,0.4996448630183903
975,-0.00010621355212580847,0.22040275965926612,0.9990468202002591,0.49965434836881806
976,-9.124917391606019e-05,0.22038415246001306,0.9990295829366272,0.4996783096519518
977,-8.507104242830893e-05,0.22038534263678522,0.999008336070573,0.4996674629607693
978,-8.413589991927635e-05,0.22038323740368018,0.9990071473435809,0.49966608202751767
979,-7.439223329570639e-05,0.22033287949841926,0.9990097014014981,0.49970468565403914
980,-8.962561630921611e-05,0.22036645145444478,0.999034664304233,0.4996687512856624
981,-7.925052318139267e-05,0.22036612288438098,0.9990406146049314,0.4996538330291856
982,-8.55447851758461e-05,0.2203796944899795,0.9990504639685583,0.49963755386003444
983,-9.028770217459962e-05,0.22037789953692064,0.9990444865768786,0.49964549460130697
984,-8.78303172916297e-05,0.22037355302612907,0.9990439813996898,0.4996529177061743
985,-8.123531136531469e-05,0.22038323484607644,0.999049534721477,0.4996427280639921
986,-8.518075138834584e-05,0.22038294973669126,0.9990492098435232,0.4996396293588949
987,-7.33840540522988e-05,0.22039669098494466,0.9990515731977218,0.4996271424222953
988,-7.332951050121148e-05,0.22039670377599982,0.9990514991983862,0.49962713260442526
989,-6.709994065472987e-05,0.2203974746326856,0.9990543638110292,0.49961826162916556
990,-5.518421308455856e-05,0.22037822455566125,0.9990711366885339,0.49964460658839416
991,-5.1989653242767143e-05,0.2203802387730672,0.9990707185487393,0.4996469883460532
992,-5.856887573189867e-05,0.22036759929506877,0.9990863701534595,0.499662234051691
993,-4.356794345060001e-05,0.2203606073072537,0.9990635017782936,0.4996277203981514
994,-5.088113439044776e-05,0.2203886768614052,0.999065551466575,0.49961122430565413
995,-4.0255264093503054e-05,0.22036296416076792,0.9990668202009848,0.4996347260003936
